"filename","cell_no","genotype","stage","foci_count","sd_foci","mean_foci","median_foci","mean_px","median_px","percent_on","sd_px","lone_foci"
"~/Documents/svi/imaging/test-data-all/crops/pachytene/MLH3mouse488_SYCP3mouse647_fancm_fvb_x_fancm_bl6_exon2_875--_VT_001-crop-1-SYCP3.jpeg","1","Fancm-/-","pachytene","29","43.8258089555942","12.9183673469388","4","0.0472072279533988","0.0392156862745098","0.440758293838863","0.0417568460191713","20"
"~/Documents/svi/imaging/test-data-all/crops/pachytene/MLH3mouse488_SYCP3mouse647_fancm_fvb_x_fancm_bl6_exon2_875--_VT_002-crop-2-SYCP3.jpeg","2","Fancm-/-","pachytene","29","33.7933700433588","13.910447761194","6","0.0269393193988535","0.0196078431372549","0.253218884120172","0.0219898714662211","38"
"~/Documents/svi/imaging/test-data-all/crops/pachytene/MLH3mouse488_SYCP3mouse647_fancm_fvb_x_fancm_bl6_exon2_875--_VT_003-crop-3-SYCP3.jpeg","3","Fancm-/-","pachytene","24","5.03006831977333","6.88888888888889","6","0.0588624903534207","0.0549019607843137","0.504032258064516","0.0395815617091279","12"
"~/Documents/svi/imaging/test-data-all/crops/pachytene/MLH3mouse488_SYCP3mouse647_fancm_fvb_x_fancm_bl6_exon2_875--_VT_007-crop-7-SYCP3.jpeg","4","Fancm-/-","pachytene","32","54.8690515729297","21.05","9.5","0.0444216122082617","0.0392156862745098","0.567695961995249","0.0355885784068921","8"
"~/Documents/svi/imaging/test-data-all/crops/pachytene/MLH3mouse488_SYCP3mouse647_fancm_fvb_x_fancm_bl6_exon2_875--_VT_008-crop-8-SYCP3.jpeg","5","Fancm-/-","pachytene","46","20.1434297967142","12.0217391304348","7","0.0449444874774077","0.0392156862745098","0.492766726943942","0.0367691720323009","46"
"~/Documents/svi/imaging/test-data-all/crops/pachytene/MLH3mouse488_SYCP3mouse647_fancm_fvb_x_fancm_bl6_exon2_875--_VT_010-crop-11-SYCP3.jpeg","6","Fancm-/-","pachytene","30","7.40079000819351","10.3421052631579","9","0.0456705735677474","0.0392156862745098","0.623409669211196","0.0339553659054978","8"
"~/Documents/svi/imaging/test-data-all/crops/pachytene/MLH3mouse488_SYCP3mouse647_fancm_fvb_x_fancm_bl6_exon2_875--_VT_011-crop-13-SYCP3.jpeg","7","Fancm-/-","pachytene","28","17.4368908148879","11.6129032258065","8","0.047445372428849","0.0431372549019608","0.527777777777778","0.0374111730925745","3"
"~/Documents/svi/imaging/test-data-all/crops/pachytene/MLH3mouse488_SYCP3mouse647_fancm_fvb_x_fancm_bl6_exon2_875--_VT_012-crop-14-SYCP3.jpeg","8","Fancm-/-","pachytene","36","56.8543609020122","21.9487179487179","12","0.0593950179223137","0.0509803921568627","0.43107476635514","0.0471597630359849","3"
"~/Documents/svi/imaging/test-data-all/crops/pachytene/MLH3mouse488_SYCP3mouse647_fancm_fvb_x_fancm_bl6_exon2_875--_VT_014-crop-20-SYCP3.jpeg","9","Fancm-/-","pachytene","24","41.4966665327871","18.16","8","0.0564750689899985","0.0509803921568627","0.466960352422908","0.0413966161413958","1"
"~/Documents/svi/imaging/test-data-all/crops/pachytene/MLH3mouse488_SYCP3mouse647_fancm_fvb_x_fancm_bl6_exon2_875--_VT_015-crop-21-SYCP3.jpeg","10","Fancm-/-","pachytene","31","19.183656715794","12.1818181818182","6","0.0678908803104575","0.0666666666666667","0.315298507462687","0.0388948755506197","13"
"~/Documents/svi/imaging/test-data-all/crops/pachytene/MLH3mouse488_SYCP3mouse647_fancm_fvb_x_fancm_bl6_exon2_875--_VT_017-crop-23-SYCP3.jpeg","11","Fancm-/-","pachytene","27","9.02059932162005","9.93939393939394","8","0.063649531884826","0.0588235294117647","0.548780487804878","0.0437745678795491","6"
"~/Documents/svi/imaging/test-data-all/crops/pachytene/MLH3mouse488_SYCP3mouse647_fancm_fvb_x_fancm_bl6_exon2_875--_VT_018-crop-27-SYCP3.jpeg","12","Fancm-/-","pachytene","23","40.7084694772413","17.1111111111111","8","0.0632725851076627","0.0549019607843137","0.506493506493506","0.0483790002821421","4"
"~/Documents/svi/imaging/test-data-all/crops/pachytene/MLH3mouse488_SYCP3mouse647_fancm_fvb_x_fancm_bl6_exon2_875--_VT_019-crop-28-SYCP3.jpeg","13","Fancm-/-","pachytene","39","38.4674694063912","15.725","7.5","0.0661208289084465","0.0549019607843137","0.4181240063593","0.0596514730381101","41"
"~/Documents/svi/imaging/test-data-all/crops/pachytene/MLH3mouse488_SYCP3mouse647_fancm_fvb_x_fancm_bl6_exon2_875--_VT_022-crop-30-SYCP3.jpeg","14","Fancm-/-","pachytene","24","86.8476585146294","28.1","7.5","0.105384064134592","0.0627450980392157","0.519572953736655","0.131737587883411","-4"
"~/Documents/svi/imaging/test-data-all/crops/pachytene/MLH3mouse488_SYCP3mouse647_fancm_fvb_x_fancm_bl6_exon2_875--_VT_024-crop-33-SYCP3.jpeg","15","Fancm-/-","pachytene","29","59.2378311125638","18.2777777777778","7","0.131217144242779","0.113725490196078","0.437689969604863","0.102872107565452","7"
"~/Documents/svi/imaging/test-data-all/crops/pachytene/MLH3mouse488_SYCP3mouse647_fancm_fvb_x_fancm_bl6_exon2_875--_VT_027-crop-35-SYCP3.jpeg","16","Fancm-/-","pachytene","35","87.6759971773123","28.531914893617","10","0.0749284951238843","0.0549019607843137","0.404175988068605","0.0803769033023125","12"
"~/Documents/svi/imaging/test-data-all/crops/pachytene/MLH3mouse488_SYCP3mouse647_fancm_fvb_x_fancm_bl6_exon2_875--_VT_030-crop-37-SYCP3.jpeg","17","Fancm-/-","pachytene","23","56.114678497316","22.6666666666667","8","0.135413262351789","0.109803921568627","0.33578431372549","0.113709384959979","13"
"~/Documents/svi/imaging/test-data-all/crops/pachytene/MLH3mouse488_SYCP3mouse647_fancm_fvb_x_fancm_bl6_exon2_876++_VT_002goodone-crop-39-SYCP3.jpeg","18","Fancm+/+","pachytene","28","77.2693793766154","25.9032258064516","9","0.0853143566518657","0.0666666666666667","0.4906600249066","0.081895838037976","3"
"~/Documents/svi/imaging/test-data-all/crops/pachytene/MLH3mouse488_SYCP3mouse647_fancm_fvb_x_fancm_bl6_exon2_876++_VT_011-crop-43-SYCP3.jpeg","19","Fancm+/+","pachytene","6","7.30825056465564","8.6","6","0.0557096571581376","0.0509803921568627","0.0697674418604651","0.0327504118376979","14"
"~/Documents/svi/imaging/test-data-all/crops/pachytene/MLH3mouse488_SYCP3mouse647_fancm_fvb_x_fancm_bl6_exon2_876++_VT_015-crop-47-SYCP3.jpeg","20","Fancm+/+","pachytene","7","26.9435035018162","18.5714285714286","9","0.0594599767912046","0.0549019607843137","0.4","0.0341474589990623","0"
"~/Documents/svi/imaging/test-data-all/crops/pachytene/MLH3mouse488_SYCP3mouse647_fancm_fvb_x_fancm_bl6_exon2_876++_VT_021-crop-64-SYCP3.jpeg","21","Fancm+/+","pachytene","9","64.5286580708006","29.2222222222222","7","0.0561931780318536","0.0470588235294118","0.250950570342205","0.0450711247654858","9"
"~/Documents/svi/imaging/test-data-all/crops/pachytene/MLH3mouse488_SYCP3mouse647_fancm_fvb_x_fancm_bl6_exon2_876++_VT_025-crop-70-SYCP3.jpeg","22","Fancm+/+","pachytene","6","49.0286602285798","50.1428571428571","22","0.0220378444201879","0.0196078431372549","0.165242165242165","0.015385405431696","1"
"~/Documents/svi/imaging/test-data-all/crops/pachytene/MLH3mouse488_SYCP3mouse647_fancm_fvb_x_fancm_bl6_exon2_876++_VT_026-crop-71-SYCP3.jpeg","23","Fancm+/+","pachytene","5","79.1563852972919","49.8","13","0.0367820279862918","0.0313725490196078","0.118473895582329","0.0329323814741504","5"
"~/Documents/svi/imaging/test-data-all/crops/pachytene/MLH3mouse488_SYCP3mouse647_fancm_fvb_x_fancm_bl6_exon2_876++_VT_027-crop-73-SYCP3.jpeg","24","Fancm+/+","pachytene","4","95.0051690323066","59.375","13","0.0326271017554248","0.0274509803921569","0.113684210526316","0.0295230435262741","4"
"~/Documents/svi/imaging/test-data-all/crops/pachytene/MLH3rabbit488_SYCP3mouse594_fancm_fvb_x_fancm_bl6_724++_slide01_001-crop-77-SYCP3.jpeg","25","Fancm+/+","pachytene","28","8.01834577215125","10.5909090909091","9.5","0.0644768584379575","0.0509803921568627","0.598712446351931","0.0622702799073349","16"
"~/Documents/svi/imaging/test-data-all/crops/pachytene/MLH3rabbit488_SYCP3mouse594_fancm_fvb_x_fancm_bl6_724++_slide01_006-crop-84-SYCP3.jpeg","26","Fancm+/+","pachytene","29","7.60708364085655","7.825","4.5","0.0202167880979988","0.0156862745098039","0.498402555910543","0.0244646268823105","51"
"~/Documents/svi/imaging/test-data-all/crops/pachytene/MLH3rabbit488_SYCP3mouse594_fancm_fvb_x_fancm_bl6_724++_slide01_007-crop-86-SYCP3.jpeg","27","Fancm+/+","pachytene","26","12.3077422576409","11.2857142857143","9","0.0254140655399347","0.0196078431372549","0.465189873417722","0.031668797810883","30"
"~/Documents/svi/imaging/test-data-all/crops/pachytene/MLH3rabbit488_SYCP3mouse594_fancm_fvb_x_fancm_bl6_724++_slide01_008-crop-87-SYCP3.jpeg","28","Fancm+/+","pachytene","40","12.8727672904927","10.1944444444444","5.5","0.0455566046643376","0.0352941176470588","0.464577656675749","0.0404996627827475","32"
"~/Documents/svi/imaging/test-data-all/crops/pachytene/MLH3rabbit488_SYCP3mouse594_fancm_fvb_x_fancm_bl6_724++_slide01_011-crop-92-SYCP3.jpeg","29","Fancm+/+","pachytene","30","7.94459426366032","10.1041666666667","8","0.0323871648957137","0.0235294117647059","0.544329896907216","0.0386652664528659","18"
"~/Documents/svi/imaging/test-data-all/crops/pachytene/MLH3rabbit488_SYCP3mouse594_fancm_fvb_x_fancm_bl6_724++_slide01_012-crop-93-SYCP3.jpeg","30","Fancm+/+","pachytene","38","9.52599425051076","9.71276595744681","6","0.0208661430772437","0.0156862745098039","0.511500547645126","0.0285149254020229","56"
"~/Documents/svi/imaging/test-data-all/crops/pachytene/MLH3rabbit488_SYCP3mouse594_fancm_fvb_x_fancm_bl6_724++_slide01_014-crop-94-SYCP3.jpeg","31","Fancm+/+","pachytene","32","9.73703219253009","11.92","10.5","0.0322022661523626","0.0235294117647059","0.585570469798658","0.0516385478247414","18"
"~/Documents/svi/imaging/test-data-all/crops/pachytene/MLH3rabbit488_SYCP3mouse594_fancm_fvb_x_fancm_bl6_724++_slide01_015-crop-97-SYCP3.jpeg","32","Fancm+/+","pachytene","16","8.20949653348689","6.0625","4","0.0743425936859135","0.0666666666666667","0.690721649484536","0.044775308633537","0"
"~/Documents/svi/imaging/test-data-all/crops/pachytene/MLH3rabbit488_SYCP3mouse594_fancm_fvb_x_fancm_bl6_724++_slide01_015-crop-98-SYCP3.jpeg","33","Fancm+/+","pachytene","53","12.4931808755817","9.32456140350877","5","0.0400669938256338","0.0352941176470588","0.275634995296331","0.0302637875153581","61"
"~/Documents/svi/imaging/test-data-all/crops/pachytene/MLH3rabbit488_SYCP3mouse594_fancm_fvb_x_fancm_bl6_724++_slide01_016-crop-99-SYCP3.jpeg","34","Fancm+/+","pachytene","48","17.7609993987662","15.7848101265823","10","0.0638761260977749","0.0509803921568627","0.430633520449078","0.0618881508173062","31"
"~/Documents/svi/imaging/test-data-all/crops/pachytene/MLH3rabbit488_SYCP3mouse594_fancm_fvb_x_fancm_bl6_724++_slide01_019-crop-103-SYCP3.jpeg","35","Fancm+/+","pachytene","39","24.9333801624987","17.5666666666667","10.5","0.0403922170741473","0.0274509803921569","0.417457305502846","0.055500530542455","21"
"~/Documents/svi/imaging/test-data-all/crops/pachytene/MLH3rabbit488_SYCP3mouse594_fancm_fvb_x_fancm_bl6_724++_slide01_019-crop-104-SYCP3.jpeg","36","Fancm+/+","pachytene","41","22.0688819832688","13.1494252873563","6","0.0213055377451453","0.0156862745098039","0.223776223776224","0.0168385224316239","46"
"~/Documents/svi/imaging/test-data-all/crops/pachytene/MLH3rabbit488_SYCP3mouse594_fancm_fvb_x_fancm_bl6_724++_slide01_019-crop-106-SYCP3.jpeg","37","Fancm+/+","pachytene","23","16.1036047814308","17.75","13","0.030871765151684","0.0196078431372549","0.55868544600939","0.0465424629660518","1"
"~/Documents/svi/imaging/test-data-all/crops/pachytene/MLH3rabbit488_SYCP3mouse594_fancm_fvb_x_fancm_bl6_724++_slide01_022-crop-115-SYCP3.jpeg","38","Fancm+/+","pachytene","32","8.96890918249762","13.0227272727273","14.5","0.0362316209360824","0.0235294117647059","0.621291448516579","0.0523020358818945","12"
"~/Documents/svi/imaging/test-data-all/crops/pachytene/MLH3rabbit488_SYCP3mouse594_fancm_fvb_x_fancm_bl6_724++_slide01_024-crop-117-SYCP3.jpeg","39","Fancm+/+","pachytene","29","6.79356624850905","8.5","5.5","0.0169340133012978","0.0117647058823529","0.556862745098039","0.019777156433936","31"
"~/Documents/svi/imaging/test-data-all/crops/pachytene/MLH3rabbit488_SYCP3mouse594_fancm_fvb_x_fancm_bl6_724++_slide01_025-crop-120-SYCP3.jpeg","40","Fancm+/+","pachytene","27","9.90792708024661","9.86363636363636","7","0.0342158004727808","0.0274509803921569","0.612903225806452","0.0374922468875205","17"
"~/Documents/svi/imaging/test-data-all/crops/pachytene/MLH3rabbit488_SYCP3mouse594_fancm_fvb_x_fancm_bl6_724++_slide01_031-crop-126-SYCP3.jpeg","41","Fancm+/+","pachytene","34","14.4542405328057","14.3404255319149","10","0.028834258126163","0.0196078431372549","0.615727002967359","0.0479557686982519","13"
"~/Documents/svi/imaging/test-data-all/crops/pachytene/MLH3rabbit488_SYCP3mouse594_fancm_fvb_x_fancm_bl6_724++_slide01_033-crop-128-SYCP3.jpeg","42","Fancm+/+","pachytene","29","12.3454548887539","15.1025641025641","14","0.0361749895496812","0.0235294117647059","0.607809847198642","0.0530964559759625","10"
"~/Documents/svi/imaging/test-data-all/crops/pachytene/MLH3rabbit488_SYCP3mouse594_fancm_fvb_x_fancm_bl6_725--_slide01_001-crop-129-SYCP3.jpeg","43","Fancm-/-","pachytene","38","12.3321715906142","9.95833333333333","5","0.0340782610663968","0.0274509803921569","0.428870292887029","0.0325346298059238","58"
"~/Documents/svi/imaging/test-data-all/crops/pachytene/MLH3rabbit488_SYCP3mouse594_fancm_fvb_x_fancm_bl6_725--_slide01_002-crop-130-SYCP3.jpeg","44","Fancm-/-","pachytene","34","11.0915599760675","8.24","5","0.0442789463011779","0.0392156862745098","0.224919093851133","0.0295737821964096","41"
"~/Documents/svi/imaging/test-data-all/crops/pachytene/MLH3rabbit488_SYCP3mouse594_fancm_fvb_x_fancm_bl6_725--_slide01_002-crop-131-SYCP3.jpeg","45","Fancm-/-","pachytene","26","7.37792058246849","7.06060606060606","5","0.0523993550676648","0.0431372549019608","0.600858369098712","0.0406034411415174","7"
"~/Documents/svi/imaging/test-data-all/crops/pachytene/MLH3rabbit488_SYCP3mouse594_fancm_fvb_x_fancm_bl6_725--_slide01_004-crop-133-SYCP3.jpeg","46","Fancm-/-","pachytene","44","11.1485138786355","9.8","6","0.0304139433551198","0.0235294117647059","0.43609022556391","0.0296416493358095","51"
"~/Documents/svi/imaging/test-data-all/crops/pachytene/MLH3rabbit488_SYCP3mouse594_fancm_fvb_x_fancm_bl6_725--_slide01_004-crop-134-SYCP3.jpeg","47","Fancm-/-","pachytene","23","3.87269740111151","4.95348837209302","4","0.0258784058058772","0.0235294117647059","0.384976525821596","0.0209519022156069","20"
"~/Documents/svi/imaging/test-data-all/crops/pachytene/MLH3rabbit488_SYCP3mouse594_fancm_fvb_x_fancm_bl6_725--_slide01_005-crop-135-SYCP3.jpeg","48","Fancm-/-","pachytene","76","72.1567605018712","21.3684210526316","6","0.0302078925095218","0.0235294117647059","0.325475017593244","0.0311425295212395","57"
"~/Documents/svi/imaging/test-data-all/crops/pachytene/MLH3rabbit488_SYCP3mouse594_fancm_fvb_x_fancm_bl6_725--_slide01_005-crop-137-SYCP3.jpeg","49","Fancm-/-","pachytene","30","9.10443607822698","8.14285714285714","6","0.0319262544429857","0.0274509803921569","0.564912280701754","0.0250441670050079","5"
"~/Documents/svi/imaging/test-data-all/crops/pachytene/MLH3rabbit488_SYCP3mouse594_fancm_fvb_x_fancm_bl6_725--_slide01_006-crop-138-SYCP3.jpeg","50","Fancm-/-","pachytene","15","6.67962230940504","6.63157894736842","5","0.0360925294549221","0.0313725490196078","0.257936507936508","0.0221605870063615","23"
"~/Documents/svi/imaging/test-data-all/crops/pachytene/MLH3rabbit488_SYCP3mouse594_fancm_fvb_x_fancm_bl6_725--_slide01_006-crop-140-SYCP3.jpeg","51","Fancm-/-","pachytene","23","6.21261304497237","6.67857142857143","6","0.0430258719445053","0.0352941176470588","0.679144385026738","0.0320161120978011","5"
"~/Documents/svi/imaging/test-data-all/crops/pachytene/MLH3rabbit488_SYCP3mouse594_fancm_fvb_x_fancm_bl6_725--_slide01_007-crop-141-SYCP3.jpeg","52","Fancm-/-","pachytene","34","10.0283673221068","11.8974358974359","12","0.0313677782548543","0.0235294117647059","0.568965517241379","0.0337075023642929","5"
"~/Documents/svi/imaging/test-data-all/crops/pachytene/MLH3rabbit488_SYCP3mouse594_fancm_fvb_x_fancm_bl6_725--_slide01_009-crop-142-SYCP3.jpeg","53","Fancm-/-","pachytene","30","7.39268705291575","12.0769230769231","11","0.0414004516317589","0.0313725490196078","0.600849256900212","0.0429372986448651","9"
"~/Documents/svi/imaging/test-data-all/crops/pachytene/MLH3rabbit488_SYCP3mouse594_fancm_fvb_x_fancm_bl6_725--_slide01_011-crop-145-SYCP3.jpeg","54","Fancm-/-","pachytene","31","10.3505165276428","14.7272727272727","16","0.0364359147517876","0.0274509803921569","0.580246913580247","0.0501179455633688","13"
"~/Documents/svi/imaging/test-data-all/crops/pachytene/MLH3rabbit488_SYCP3mouse594_fancm_fvb_x_fancm_bl6_725--_slide01_012-crop-147-SYCP3.jpeg","55","Fancm-/-","pachytene","28","4.33821112413582","7.15151515151515","8","0.0404294281180532","0.0313725490196078","0.694915254237288","0.0356267918163853","5"
"~/Documents/svi/imaging/test-data-all/crops/pachytene/MLH3rabbit488_SYCP3mouse594_fancm_fvb_x_fancm_bl6_725--_slide01_012-crop-148-SYCP3.jpeg","56","Fancm-/-","pachytene","21","3.22128338813378","7.28","6","0.0491043255122963","0.0431372549019608","0.67032967032967","0.0392579302441559","4"
"~/Documents/svi/imaging/test-data-all/crops/pachytene/MLH3rabbit488_SYCP3mouse594_fancm_fvb_x_fancm_bl6_725--_slide01_013-crop-150-SYCP3.jpeg","57","Fancm-/-","pachytene","25","4.81966458030708","9.66666666666667","10","0.0414577815907593","0.0352941176470588","0.639498432601881","0.0372454656771638","8"
"~/Documents/svi/imaging/test-data-all/crops/pachytene/MLH3rabbit488_SYCP3mouse594_fancm_fvb_x_fancm_bl6_725--_slide01_014-crop-152-SYCP3.jpeg","58","Fancm-/-","pachytene","31","5.63024863569094","11.4594594594595","13","0.0379657769473397","0.0313725490196078","0.733490566037736","0.0439267883878989","6"
"~/Documents/svi/imaging/test-data-all/crops/pachytene/MLH3rabbit488_SYCP3mouse594_fancm_fvb_x_fancm_bl6_725--_slide01_015-crop-153-SYCP3.jpeg","59","Fancm-/-","pachytene","35","9.06978365837665","12.1951219512195","12","0.0525139493488445","0.0431372549019608","0.568","0.0510110484894753","6"
"~/Documents/svi/imaging/test-data-all/crops/pachytene/MLH3rabbit488_SYCP3mouse594_fancm_fvb_x_fancm_bl6_725--_slide01_016-crop-155-SYCP3.jpeg","60","Fancm-/-","pachytene","39","5.16759522447728","8.97777777777778","8","0.0424349735542291","0.0352941176470588","0.633663366336634","0.0386120937491895","6"
"~/Documents/svi/imaging/test-data-all/crops/pachytene/MLH3rabbit488_SYCP3mouse594_fancm_fvb_x_fancm_bl6_725--_slide01_018-crop-158-SYCP3.jpeg","61","Fancm-/-","pachytene","34","8.87377610935865","9.5","9","0.036554339135735","0.0313725490196078","0.659147869674185","0.0315059314376898","8"
"~/Documents/svi/imaging/test-data-all/crops/pachytene/MLH3rabbit488_SYCP3mouse594_fancm_fvb_x_fancm_bl6_725--_slide01_018-crop-159-SYCP3.jpeg","62","Fancm-/-","pachytene","35","11.4052906402231","10.7627118644068","10","0.0294637228345584","0.0235294117647059","0.540157480314961","0.0299515686466936","24"
"~/Documents/svi/imaging/test-data-all/crops/pachytene/MLH3rabbit488_SYCP3mouse594_fancm_fvb_x_fancm_bl6_725--_slide01_019-crop-160-SYCP3.jpeg","63","Fancm-/-","pachytene","37","8.03189664004484","8.875","6.5","0.043565650001891","0.0352941176470588","0.494969818913481","0.0336425095343412","19"
"~/Documents/svi/imaging/test-data-all/crops/pachytene/MLH3rabbit488_SYCP3mouse594_fancm_fvb_x_fancm_bl6_725--_slide01_019-crop-161-SYCP3.jpeg","64","Fancm-/-","pachytene","34","10.3784530500594","10.7692307692308","8","0.0317063289042931","0.0235294117647059","0.464285714285714","0.0373766989448201","44"
"~/Documents/svi/imaging/test-data-all/crops/pachytene/MLH3rabbit488_SYCP3mouse594_fancm_fvb_x_fancm_bl6_725--_slide01_021-crop-163-SYCP3.jpeg","65","Fancm-/-","pachytene","27","5.56472581189066","8.68181818181818","9","0.0381003924308907","0.0313725490196078","0.56020942408377","0.0337001989753675","17"
"~/Documents/svi/imaging/test-data-all/crops/pachytene/MLH3rabbit488_SYCP3mouse594_fancm_fvb_x_fancm_bl6_725--_slide01_021-crop-164-SYCP3.jpeg","66","Fancm-/-","pachytene","36","16.3315885422614","12.8627450980392","8","0.0284940224096507","0.0196078431372549","0.352134146341463","0.0322626504212969","15"
"~/Documents/svi/imaging/test-data-all/crops/pachytene/MLH3rabbit488_SYCP3mouse594_fancm_fvb_x_fancm_bl6_725--_slide01_022-crop-167-SYCP3.jpeg","67","Fancm-/-","pachytene","30","5.14447150293734","10.5384615384615","11","0.0456572275316413","0.0392156862745098","0.673965936739659","0.0406527669176889","9"
"~/Documents/svi/imaging/test-data-all/crops/pachytene/MLH3rabbit488_SYCP3mouse594_fancm_fvb_x_fancm_bl6_725--_slide01_023-crop-170-SYCP3.jpeg","68","Fancm-/-","pachytene","30","8.31612257827181","11.3684210526316","11","0.0349110628390005","0.0274509803921569","0.597222222222222","0.0340065841156658","8"
"~/Documents/svi/imaging/test-data-all/crops/pachytene/MLH3rabbit488_SYCP3mouse594_fancm_fvb_x_fancm_bl6_725--_slide01_027-crop-174-SYCP3.jpeg","69","Fancm-/-","pachytene","27","6.79724680312287","8.95","8","0.0536444606084553","0.0470588235294118","0.53072625698324","0.0371057270152077","13"
"~/Documents/svi/imaging/test-data-all/crops/pachytene/MLH3rabbit488_SYCP3mouse594_fancm_fvb_x_fancm_bl6_725--_slide01_027-crop-175-SYCP3.jpeg","70","Fancm-/-","pachytene","36","8.00110734307403","11.5116279069767","12","0.0459004297862136","0.0352941176470588","0.719191919191919","0.0482823018267127","7"
"~/Documents/svi/imaging/test-data-all/crops/pachytene/MLH3rabbit488_SYCP3mouse594_fancm_fvb_x_fancm_bl6_725--_slide01_028-crop-178-SYCP3.jpeg","71","Fancm-/-","pachytene","36","7.31041806612914","8.953125","7","0.0430726272708337","0.0352941176470588","0.574171029668412","0.0434243488703071","28"
"~/Documents/svi/imaging/test-data-all/crops/pachytene/MLH3rabbit488_SYCP3mouse594_fancm_fvb_x_fancm_bl6_725--_slide01_029-crop-179-SYCP3.jpeg","72","Fancm-/-","pachytene","32","8.59107347107978","14.3684210526316","15","0.0358824746534244","0.0274509803921569","0.683150183150183","0.047896592420537","6"
"~/Documents/svi/imaging/test-data-all/crops/pachytene/MLH3rabbit488_SYCP3mouse594_fancm_fvb_x_fancm_bl6_725--_slide01_030-crop-181-SYCP3.jpeg","73","Fancm-/-","pachytene","31","5.80678184480302","9.25581395348837","8","0.0331742050327696","0.0274509803921569","0.590452261306533","0.0293493837325975","12"
"~/Documents/svi/imaging/test-data-all/crops/pachytene/MLH3rabbit488_SYCP3mouse594_fancm_fvb_x_fancm_bl6_725--_slide01_030-crop-182-SYCP3.jpeg","74","Fancm-/-","pachytene","16","21.567778875706","10.8490566037736","4","0.0189697526405961","0.0156862745098039","0.161739130434783","0.0168820063321195","37"
"~/Documents/svi/imaging/test-data-all/crops/pachytene/MLH3rabbit488_SYCP3mouse594_fancm_fvb_x_fancm_bl6_725--_slide01_033-crop-188-SYCP3.jpeg","75","Fancm-/-","pachytene","34","10.0152447900752","9.05","8.5","0.0347396929786407","0.0274509803921569","0.68232044198895","0.0294695216842695","6"
"~/Documents/svi/imaging/test-data-all/crops/pachytene/MLH3rabbit488_SYCP3mouse647_fancm_bl6_exon2_VT_144++_002-crop-190-SYCP3.jpeg","76","Fancm+/+","pachytene","13","7.87158845226964","9.52380952380952","6","0.0460568183765688","0.0392156862745098","0.315","0.0343892486846188","8"
"~/Documents/svi/imaging/test-data-all/crops/pachytene/MLH3rabbit488_SYCP3mouse647_fancm_bl6_exon2_VT_144++_003-crop-191-SYCP3.jpeg","77","Fancm+/+","pachytene","6","5.35554088601872","5.5","4","0.0421158958001063","0.0352941176470588","0.053475935828877","0.0307755141393117","28"
"~/Documents/svi/imaging/test-data-all/crops/pachytene/MLH3rabbit488_SYCP3mouse647_fancm_bl6_exon2_VT_144++_004-crop-192-SYCP3.jpeg","78","Fancm+/+","pachytene","14","7.63282385490455","8.5","5.5","0.0551257779610199","0.0509803921568627","0.253393665158371","0.0429113795681875","12"
"~/Documents/svi/imaging/test-data-all/crops/pachytene/MLH3rabbit488_SYCP3mouse647_fancm_bl6_exon2_VT_144++_010-crop-197-SYCP3.jpeg","79","Fancm+/+","pachytene","11","35.2160751819324","14.6829268292683","4","0.0650783297959737","0.0549019607843137","0.0631229235880399","0.062085052128379","30"
"~/Documents/svi/imaging/test-data-all/crops/pachytene/MLH3rabbit488_SYCP3mouse647_fancm_bl6_exon2_VT_144++_012-crop-200-SYCP3.jpeg","80","Fancm+/+","pachytene","21","56.9319940635487","18.1428571428571","6","0.0267176423305155","0.0196078431372549","0.135826771653543","0.0262403372402903","35"
"~/Documents/svi/imaging/test-data-all/crops/pachytene/MLH3rabbit488_SYCP3mouse647_fancm_bl6_exon2_VT_144++_020-crop-208-SYCP3.jpeg","81","Fancm+/+","pachytene","21","12.0462716098395","11.9047619047619","8","0.0266274600876114","0.0235294117647059","0.254","0.0261584520073889","21"
"~/Documents/svi/imaging/test-data-all/crops/pachytene/MLH3rabbit488_SYCP3mouse647_fancm_bl6_exon2_VT_144++_022-crop-210-SYCP3.jpeg","82","Fancm+/+","pachytene","15","3.78736446023562","4.84615384615385","4","0.0275642855289447","0.0235294117647059","0.44973544973545","0.0168132057188303","24"
"~/Documents/svi/imaging/test-data-all/crops/pachytene/MLH3rabbit488_SYCP3mouse647_fancm_bl6_exon2_VT_144++_029-crop-214-SYCP3.jpeg","83","Fancm+/+","pachytene","21","10.5908217446278","9.07142857142857","6","0.0235146658272825","0.0196078431372549","0.307086614173228","0.0177776226340465","21"
"~/Documents/svi/imaging/test-data-all/crops/pachytene/MLH3rabbit488_SYCP3mouse647_fancm_bl6_exon2_VT_144++_032-crop-218-SYCP3.jpeg","84","Fancm+/+","pachytene","32","9.53897660087677","8.15151515151515","6","0.0159500748090401","0.0117647058823529","0.408921933085502","0.0154470950726238","34"
"~/Documents/svi/imaging/test-data-all/crops/pachytene/MLH3rabbit488_SYCP3mouse647_fancm_bl6_exon2_VT_144++_033-crop-221-SYCP3.jpeg","85","Fancm+/+","pachytene","21","11.0296011188228","10.7714285714286","6","0.0246326262566859","0.0196078431372549","0.408488063660477","0.0214414775072521","14"
"~/Documents/svi/imaging/test-data-all/crops/pachytene/MLH3rabbit488_SYCP3mouse647_fancm_bl6_exon2_VT_144++_042-crop-232-SYCP3.jpeg","86","Fancm+/+","pachytene","26","13.4750366568416","17.3125","15","0.0507883489389036","0.0352941176470588","0.492779783393502","0.0716107143367927","6"
"~/Documents/svi/imaging/test-data-all/crops/pachytene/MLH3rabbit488_SYCP3mouse647_fancm_bl6_exon2_VT_144++_045-crop-235-SYCP3.jpeg","87","Fancm+/+","pachytene","10","10.2808149820506","7.18518518518519","4","0.02220954737035","0.0196078431372549","0.257731958762887","0.0166937268183472","17"
